first_name,last_name,phone_number,email
Rosalind,Bashirian,2349191737864,rosalind.bashirian3287@example.com
Wilma,O'Reilly,2349012809623,wilma.o'reilly3728@example.com
Tyrel,Baumbach,2349050213753,tyrel.baumbach9182@example.com
Betsy,Schoen,2348120804157,betsy.schoen3053@example.com
Makayla,Kreiger,2347063959594,makayla.kreiger1937@example.com
Natasha,Mills,2348093365240,natasha.mills9686@example.com
Hermann,Veum,2349062835159,hermann.veum9872@example.com
Karlie,Franecki-Little,2349144327687,karlie.franecki-little4037@example.com
Darryl,McKenzie,2349050332813,darryl.mckenzie2896@example.com
Elian,Barrows,2349026814466,elian.barrows7645@example.com
Mauricio,Grimes,2347055796341,mauricio.grimes3487@example.com
Arvilla,Gorczany,2348073813793,arvilla.gorczany1809@example.com
Santina,Osinski,2348136673817,santina.osinski8454@example.com
Danial,Lockman,2348190460897,danial.lockman1278@example.com
Laura,Streich,2348036108839,laura.streich7302@example.com
Lucas,Langworth,2348073750822,lucas.langworth1035@example.com
Cristobal,Donnelly,2349154113975,cristobal.donnelly776@example.com
Eric,Lynch,2348027116017,eric.lynch5101@example.com
Shania,Pfannerstill,2349125260701,shania.pfannerstill2220@example.com
Cortez,Russel,2349035841483,cortez.russel2361@example.com
